{"precision": {"Unsupervised": [[0.0, 0.0, 0.0, 0.0, 2.857142857142857, 5.714285714285714, 5.714285714285714, 5.714285714285714, 5.714285714285714, 8.571428571428571, 8.571428571428571, 11.428571428571429, 11.428571428571429, 14.285714285714286, 17.142857142857142, 17.142857142857142, 17.142857142857142, 17.142857142857142, 17.142857142857142, 17.142857142857142, 17.142857142857142, 17.142857142857142, 17.142857142857142, 17.142857142857142, 20.0, 22.857142857142858, 25.714285714285715, 25.714285714285715, 28.571428571428573, 31.428571428571427, 34.285714285714285, 37.142857142857146, 40.0, 42.857142857142854, 42.857142857142854, 42.857142857142854, 45.714285714285715, 45.714285714285715, 45.714285714285715, 45.714285714285715, 48.57142857142857, 48.57142857142857, 51.42857142857143, 51.42857142857143, 51.42857142857143, 51.42857142857143, 51.42857142857143, 51.42857142857143, 51.42857142857143, 51.42857142857143, 51.42857142857143, 54.285714285714285, 54.285714285714285, 54.285714285714285, 54.285714285714285, 54.285714285714285, 54.285714285714285, 54.285714285714285, 54.285714285714285, 54.285714285714285, 57.142857142857146, 60.0, 62.857142857142854, 62.857142857142854, 62.857142857142854, 62.857142857142854, 62.857142857142854, 65.71428571428571, 65.71428571428571, 65.71428571428571], [0.0, 0.0, 0.0, 2.857142857142857, 2.857142857142857, 2.857142857142857, 2.857142857142857, 2.857142857142857, 2.857142857142857, 5.714285714285714, 8.571428571428571, 11.428571428571429, 11.428571428571429, 14.285714285714286, 17.142857142857142, 20.0, 20.0, 20.0, 20.0, 20.0, 20.0, 20.0, 20.0, 20.0, 22.857142857142858, 22.857142857142858, 22.857142857142858, 22.857142857142858, 25.714285714285715, 25.714285714285715, 28.571428571428573, 28.571428571428573, 28.571428571428573, 31.428571428571427, 34.285714285714285, 37.142857142857146, 37.142857142857146, 37.142857142857146, 40.0, 40.0, 42.857142857142854, 42.857142857142854, 42.857142857142854, 42.857142857142854, 45.714285714285715, 48.57142857142857, 51.42857142857143, 51.42857142857143, 51.42857142857143, 51.42857142857143, 51.42857142857143, 51.42857142857143, 51.42857142857143, 51.42857142857143, 51.42857142857143, 51.42857142857143, 51.42857142857143, 51.42857142857143, 51.42857142857143, 54.285714285714285, 57.142857142857146, 57.142857142857146, 60.0, 62.857142857142854, 62.857142857142854, 62.857142857142854, 62.857142857142854, 62.857142857142854, 62.857142857142854, 62.857142857142854]], "OJRank": [[0.0, 0.0, 0.0, 0.0, 0.0, 0.0, 0.0, 2.857142857142857, 2.857142857142857, 5.714285714285714, 8.571428571428571, 8.571428571428571, 8.571428571428571, 8.571428571428571, 8.571428571428571, 8.571428571428571, 8.571428571428571, 11.428571428571429, 14.285714285714286, 17.142857142857142, 20.0, 20.0, 20.0, 20.0, 20.0, 20.0, 22.857142857142858, 22.857142857142858, 25.714285714285715, 25.714285714285715, 25.714285714285715, 28.571428571428573, 31.428571428571427, 34.285714285714285, 37.142857142857146, 40.0, 42.857142857142854, 45.714285714285715, 48.57142857142857, 51.42857142857143, 54.285714285714285, 57.142857142857146, 60.0, 60.0, 62.857142857142854, 65.71428571428571, 65.71428571428571, 65.71428571428571, 65.71428571428571, 65.71428571428571, 68.57142857142857, 68.57142857142857, 71.42857142857143, 71.42857142857143, 71.42857142857143, 71.42857142857143, 74.28571428571429, 77.14285714285714, 77.14285714285714, 77.14285714285714, 77.14285714285714, 77.14285714285714, 77.14285714285714, 80.0, 80.0, 82.85714285714286, 82.85714285714286, 82.85714285714286, 82.85714285714286, 82.85714285714286], [0.0, 0.0, 0.0, 2.857142857142857, 2.857142857142857, 2.857142857142857, 2.857142857142857, 2.857142857142857, 5.714285714285714, 8.571428571428571, 11.428571428571429, 14.285714285714286, 17.142857142857142, 20.0, 22.857142857142858, 22.857142857142858, 22.857142857142858, 22.857142857142858, 25.714285714285715, 25.714285714285715, 25.714285714285715, 28.571428571428573, 28.571428571428573, 31.428571428571427, 34.285714285714285, 34.285714285714285, 34.285714285714285, 34.285714285714285, 37.142857142857146, 40.0, 42.857142857142854, 45.714285714285715, 48.57142857142857, 51.42857142857143, 54.285714285714285, 57.142857142857146, 60.0, 62.857142857142854, 65.71428571428571, 68.57142857142857, 68.57142857142857, 68.57142857142857, 71.42857142857143, 71.42857142857143, 74.28571428571429, 74.28571428571429, 74.28571428571429, 74.28571428571429, 77.14285714285714, 77.14285714285714, 77.14285714285714, 77.14285714285714, 77.14285714285714, 77.14285714285714, 77.14285714285714, 80.0, 80.0, 80.0, 80.0, 80.0, 80.0, 80.0, 80.0, 80.0, 80.0, 80.0, 80.0, 80.0, 80.0, 80.0]], "OMD": [[0.0, 0.0, 0.0, 0.0, 2.857142857142857, 5.714285714285714, 5.714285714285714, 5.714285714285714, 5.714285714285714, 8.571428571428571, 11.428571428571429, 11.428571428571429, 11.428571428571429, 14.285714285714286, 17.142857142857142, 17.142857142857142, 17.142857142857142, 17.142857142857142, 17.142857142857142, 17.142857142857142, 20.0, 20.0, 20.0, 22.857142857142858, 22.857142857142858, 25.714285714285715, 28.571428571428573, 31.428571428571427, 34.285714285714285, 37.142857142857146, 37.142857142857146, 40.0, 42.857142857142854, 45.714285714285715, 48.57142857142857, 48.57142857142857, 51.42857142857143, 51.42857142857143, 51.42857142857143, 51.42857142857143, 54.285714285714285, 54.285714285714285, 54.285714285714285, 54.285714285714285, 54.285714285714285, 54.285714285714285, 57.142857142857146, 57.142857142857146, 57.142857142857146, 60.0, 60.0, 60.0, 60.0, 62.857142857142854, 62.857142857142854, 65.71428571428571, 68.57142857142857, 68.57142857142857, 71.42857142857143, 74.28571428571429, 77.14285714285714, 77.14285714285714, 77.14285714285714, 80.0, 80.0, 80.0, 80.0, 80.0, 80.0, 82.85714285714286], [0.0, 0.0, 0.0, 2.857142857142857, 2.857142857142857, 2.857142857142857, 2.857142857142857, 2.857142857142857, 2.857142857142857, 5.714285714285714, 8.571428571428571, 11.428571428571429, 14.285714285714286, 17.142857142857142, 17.142857142857142, 20.0, 20.0, 20.0, 20.0, 20.0, 20.0, 22.857142857142858, 22.857142857142858, 22.857142857142858, 25.714285714285715, 25.714285714285715, 28.571428571428573, 28.571428571428573, 31.428571428571427, 31.428571428571427, 31.428571428571427, 34.285714285714285, 37.142857142857146, 37.142857142857146, 40.0, 40.0, 42.857142857142854, 42.857142857142854, 42.857142857142854, 42.857142857142854, 45.714285714285715, 45.714285714285715, 48.57142857142857, 48.57142857142857, 51.42857142857143, 54.285714285714285, 54.285714285714285, 54.285714285714285, 54.285714285714285, 54.285714285714285, 57.142857142857146, 60.0, 60.0, 62.857142857142854, 62.857142857142854, 62.857142857142854, 62.857142857142854, 65.71428571428571, 68.57142857142857, 68.57142857142857, 71.42857142857143, 71.42857142857143, 71.42857142857143, 74.28571428571429, 77.14285714285714, 77.14285714285714, 77.14285714285714, 77.14285714285714, 77.14285714285714, 77.14285714285714]]},